text,size
Positive,0.09179400589896218
Negative,0.9082059941010379
